,sym,stock,open,high,low,close,volume
2019-12-31,2542,興富發,46.40,46.55,46.30,46.30,1546219
2019-12-30,2542,興富發,46.45,46.50,46.35,46.45,1170712
2019-12-27,2542,興富發,46.30,46.45,46.30,46.40,1621290
2019-12-26,2542,興富發,46.25,46.30,46.10,46.20,904477
2019-12-25,2542,興富發,46.25,46.40,46.15,46.20,1513871
2019-12-24,2542,興富發,45.70,46.15,45.70,46.15,7626365
2019-12-23,2542,興富發,45.65,46.25,45.55,45.55,7427388
2019-12-20,2542,興富發,45.90,45.95,45.45,45.45,8764059
2019-12-19,2542,興富發,46.00,46.00,45.70,45.90,3773435
2019-12-18,2542,興富發,46.20,46.25,46.00,46.00,3255069
2019-12-17,2542,興富發,46.25,46.40,46.10,46.25,2368281
2019-12-16,2542,興富發,46.25,46.40,46.20,46.25,1413140
2019-12-13,2542,興富發,46.25,46.35,46.15,46.25,1385203
2019-12-12,2542,興富發,46.05,46.40,46.05,46.35,1920490
2019-12-11,2542,興富發,46.10,46.15,46.00,46.05,2007409
2019-12-10,2542,興富發,46.20,46.25,46.00,46.05,3036269
2019-12-09,2542,興富發,46.55,46.55,46.20,46.30,2006421
2019-12-06,2542,興富發,46.60,46.70,46.50,46.60,1165173
2019-12-05,2542,興富發,46.60,46.70,46.50,46.55,1305199
2019-12-04,2542,興富發,46.55,46.70,46.45,46.60,1972495
2019-12-03,2542,興富發,46.55,46.70,46.55,46.70,1236876
2019-12-02,2542,興富發,46.60,46.80,46.55,46.55,1063257
2019-11-29,2542,興富發,46.60,46.80,46.50,46.55,1695456
2019-11-28,2542,興富發,46.85,47.00,46.50,46.50,1873790
2019-11-27,2542,興富發,46.50,46.95,46.50,46.80,2027148
2019-11-26,2542,興富發,46.65,46.85,46.20,46.20,5132435
2019-11-25,2542,興富發,46.55,46.75,46.50,46.75,1580124
2019-11-22,2542,興富發,46.60,46.65,46.55,46.55,1334462
2019-11-21,2542,興富發,46.80,46.80,46.60,46.60,2108819
2019-11-20,2542,興富發,46.90,47.00,46.80,46.85,1432129
2019-11-19,2542,興富發,46.75,46.95,46.70,46.90,1601499
2019-11-18,2542,興富發,47.00,47.05,46.80,46.85,1559351
2019-11-15,2542,興富發,46.80,46.95,46.70,46.95,1499032
2019-11-14,2542,興富發,46.70,46.95,46.55,46.55,2611813
2019-11-13,2542,興富發,46.70,47.05,46.50,46.50,2063411
2019-11-12,2542,興富發,46.90,47.00,46.55,46.90,2519468
2019-11-11,2542,興富發,47.00,47.05,46.70,46.70,2813207
2019-11-08,2542,興富發,47.30,47.35,47.05,47.05,1660061
2019-11-07,2542,興富發,47.30,47.60,47.20,47.25,1612133
2019-11-06,2542,興富發,47.10,47.55,46.95,47.45,2940778
2019-11-05,2542,興富發,47.10,47.15,46.65,47.10,2601112
2019-11-04,2542,興富發,47.00,47.15,46.80,47.10,2773598
2019-11-01,2542,興富發,46.80,46.95,46.70,46.95,1752181
2019-10-31,2542,興富發,46.85,47.20,46.75,46.75,2879731
2019-10-30,2542,興富發,46.75,47.05,46.75,46.85,3008259
2019-10-29,2542,興富發,47.00,47.10,46.75,46.80,1969841
2019-10-28,2542,興富發,47.25,47.30,46.80,47.00,2737448
2019-10-25,2542,興富發,47.50,47.55,47.10,47.25,1551797
2019-10-24,2542,興富發,47.60,47.60,47.20,47.50,2568040
2019-10-23,2542,興富發,47.00,47.95,47.00,47.50,4077790
2019-10-22,2542,興富發,47.00,47.15,46.95,47.00,3799214
2019-10-21,2542,興富發,46.20,46.80,46.10,46.75,5034748
2019-10-18,2542,興富發,45.80,45.90,45.65,45.90,4241836
2019-10-17,2542,興富發,46.00,46.20,45.75,45.80,3018625
2019-10-16,2542,興富發,46.10,46.20,46.00,46.00,3036441
2019-10-15,2542,興富發,45.80,45.95,45.75,45.95,2877153
2019-10-14,2542,興富發,45.70,45.95,45.55,45.65,3589615
2019-10-09,2542,興富發,45.40,45.65,45.30,45.30,3224305
2019-10-08,2542,興富發,45.70,45.70,45.25,45.40,4497768
2019-10-07,2542,興富發,45.70,45.85,45.65,45.75,2806312
2019-10-04,2542,興富發,46.05,46.05,45.20,45.70,5932044
2019-10-03,2542,興富發,45.80,46.30,45.55,46.05,12748548
2019-10-02,2542,興富發,45.00,46.15,45.00,45.90,74324931
2019-10-01,2542,興富發,49.95,50.00,49.80,49.95,41018231
2019-09-27,2542,興富發,49.75,50.00,49.75,49.90,35755259
2019-09-26,2542,興富發,49.80,49.90,49.70,49.80,5941292
2019-09-25,2542,興富發,49.70,49.95,49.65,49.80,3263205
2019-09-24,2542,興富發,49.70,49.85,49.65,49.65,3031219
2019-09-23,2542,興富發,49.65,50.00,49.65,49.80,2295423
2019-09-20,2542,興富發,50.00,50.00,49.80,49.80,3300695
2019-09-19,2542,興富發,50.10,50.20,49.90,49.95,2017496
2019-09-18,2542,興富發,50.20,50.20,50.00,50.00,2686821
2019-09-17,2542,興富發,50.30,50.30,50.00,50.20,2463274
2019-09-12,2542,興富發,49.50,49.60,49.35,49.40,2282170
2019-09-11,2542,興富發,49.60,49.65,49.35,49.50,2773450
2019-09-10,2542,興富發,49.70,49.80,49.60,49.75,1686832
2019-09-09,2542,興富發,49.50,49.70,49.45,49.70,1262454
2019-09-06,2542,興富發,49.30,49.55,49.20,49.30,1385950
2019-09-05,2542,興富發,49.20,49.50,49.20,49.25,1468122
2019-09-04,2542,興富發,49.20,49.45,49.20,49.20,1513975
2019-09-03,2542,興富發,49.50,49.50,49.25,49.25,1392934
2019-09-02,2542,興富發,49.45,49.50,49.40,49.50,912860
2019-08-30,2542,興富發,49.15,49.50,49.10,49.50,2582624
2019-08-29,2542,興富發,49.35,49.40,49.05,49.05,1929947
2019-08-28,2542,興富發,48.50,49.40,48.50,49.40,1933830
2019-08-27,2542,興富發,48.85,49.00,48.40,48.40,4160275
2019-08-26,2542,興富發,49.00,49.00,48.80,48.80,2119890
2019-08-23,2542,興富發,48.90,49.20,48.90,49.20,2089094
2019-08-22,2542,興富發,48.65,49.05,48.65,48.90,1687437
2019-08-21,2542,興富發,48.60,48.75,48.50,48.65,2359235
2019-08-20,2542,興富發,48.75,48.90,48.60,48.60,1777519
2019-08-19,2542,興富發,48.85,48.90,48.60,48.75,2175948
2019-08-16,2542,興富發,48.95,49.00,48.50,48.80,2382328
2019-08-15,2542,興富發,48.35,49.15,48.20,48.95,3011714
2019-08-14,2542,興富發,48.50,48.65,48.35,48.35,1883178
2019-08-13,2542,興富發,48.20,48.40,48.10,48.35,1160646
2019-08-12,2542,興富發,48.10,48.55,48.05,48.25,1249997
2019-08-08,2542,興富發,48.40,48.45,48.10,48.20,1286402
2019-08-07,2542,興富發,48.10,48.30,48.00,48.00,1617436
2019-08-06,2542,興富發,48.00,48.35,47.70,48.10,2167626
2019-08-05,2542,興富發,48.30,48.75,48.20,48.20,2066318
2019-08-02,2542,興富發,48.50,48.50,48.35,48.40,2218602
2019-08-01,2542,興富發,48.70,48.75,48.55,48.60,1745808
2019-07-31,2542,興富發,48.95,49.00,48.80,48.80,2215771
2019-07-30,2542,興富發,48.95,49.10,48.95,48.95,939260
2019-07-29,2542,興富發,49.00,49.10,48.95,48.95,1287847
2019-07-26,2542,興富發,48.85,49.10,48.80,49.10,1013540
2019-07-25,2542,興富發,49.00,49.00,48.80,48.90,1205046
2019-07-24,2542,興富發,49.00,49.15,48.90,48.90,2457285
2019-07-23,2542,興富發,49.25,49.25,49.00,49.05,1752250
2019-07-22,2542,興富發,49.50,49.50,49.25,49.25,1267034
2019-07-19,2542,興富發,49.50,49.55,49.40,49.50,1129396
2019-07-18,2542,興富發,49.20,49.40,49.10,49.40,719580
2019-07-17,2542,興富發,49.20,49.30,49.05,49.20,1347122
2019-07-16,2542,興富發,49.25,49.25,49.00,49.20,1123791
2019-07-15,2542,興富發,49.15,49.25,48.90,49.25,1558305
2019-07-12,2542,興富發,49.40,49.40,49.10,49.15,1503728
2019-07-11,2542,興富發,49.50,49.55,49.40,49.45,1051081
2019-07-10,2542,興富發,49.45,49.65,49.35,49.55,1341372
2019-07-09,2542,興富發,49.55,49.55,49.30,49.45,856710
2019-07-08,2542,興富發,49.65,49.65,49.30,49.40,1213460
2019-07-05,2542,興富發,49.80,49.90,49.55,49.65,1005803
2019-07-04,2542,興富發,49.45,49.75,49.40,49.75,700612
2019-07-03,2542,興富發,49.65,49.65,49.30,49.30,973277
2019-07-02,2542,興富發,49.55,49.65,49.30,49.65,1404737
2019-07-01,2542,興富發,49.50,49.75,49.50,49.60,1086682
2019-06-28,2542,興富發,49.75,49.80,49.45,49.45,1442210
2019-06-27,2542,興富發,49.75,49.95,49.70,49.75,1733320
2019-06-26,2542,興富發,50.00,50.00,49.55,49.75,1428856
2019-06-25,2542,興富發,50.00,50.10,49.75,49.95,1974741
2019-06-24,2542,興富發,50.00,50.20,49.85,50.00,2498697
2019-06-21,2542,興富發,50.00,50.10,49.75,50.00,2582913
2019-06-20,2542,興富發,49.90,50.10,49.70,49.90,2208481
2019-06-19,2542,興富發,49.20,49.90,49.10,49.90,4014971
2019-06-18,2542,興富發,48.70,49.00,48.65,49.00,1455295
2019-06-17,2542,興富發,48.50,49.10,48.50,48.55,1807154
2019-06-14,2542,興富發,48.50,48.75,48.40,48.50,1200209
2019-06-13,2542,興富發,48.75,48.85,48.50,48.50,1299317
2019-06-12,2542,興富發,48.60,48.85,48.55,48.75,1091250
2019-06-11,2542,興富發,48.70,49.05,48.55,48.60,1781985
2019-06-10,2542,興富發,48.60,48.90,48.55,48.70,2345452
2019-06-06,2542,興富發,48.60,48.90,48.50,48.50,949051
2019-06-05,2542,興富發,49.00,49.15,48.65,48.70,1244396
2019-06-04,2542,興富發,48.95,49.15,48.85,49.00,1447455
2019-06-03,2542,興富發,48.75,49.10,48.50,48.90,1734921
2019-05-31,2542,興富發,48.15,48.85,48.10,48.80,1733794
2019-05-30,2542,興富發,48.40,48.70,48.15,48.15,1890255
2019-05-29,2542,興富發,48.70,49.00,48.35,48.35,1538781
2019-05-28,2542,興富發,49.45,49.60,48.60,48.60,5896397
2019-05-27,2542,興富發,48.40,49.20,48.25,49.20,2539215
2019-05-24,2542,興富發,48.25,48.40,48.05,48.15,1182065
2019-05-23,2542,興富發,48.10,48.30,47.90,48.05,1120857
2019-05-22,2542,興富發,48.00,48.15,47.95,48.10,1183909
2019-05-21,2542,興富發,48.20,48.40,47.95,48.10,1391256
2019-05-20,2542,興富發,47.55,48.25,47.50,47.95,1380611
2019-05-17,2542,興富發,47.80,48.05,47.35,47.50,1796824
2019-05-16,2542,興富發,47.80,48.05,47.60,47.75,1371036
2019-05-15,2542,興富發,47.80,48.00,47.70,47.80,1699383
2019-05-14,2542,興富發,47.30,48.30,47.10,48.05,2121116
2019-05-13,2542,興富發,48.40,48.50,47.80,47.80,1836100
2019-05-10,2542,興富發,47.90,48.40,47.75,48.05,1828080
2019-05-09,2542,興富發,48.20,48.25,48.00,48.00,2516639
2019-05-08,2542,興富發,48.55,48.80,48.25,48.50,2192763
2019-05-07,2542,興富發,48.75,49.00,48.70,48.70,1248166
2019-05-06,2542,興富發,49.00,49.00,48.60,48.75,1702698
2019-05-03,2542,興富發,49.40,49.50,49.15,49.25,1117575
2019-05-02,2542,興富發,49.45,49.50,49.30,49.40,1351875
2019-04-30,2542,興富發,49.55,49.60,49.05,49.45,1898038
2019-04-29,2542,興富發,48.85,49.20,48.80,49.20,1464461
2019-04-26,2542,興富發,48.95,48.95,48.60,48.80,1208063
2019-04-25,2542,興富發,48.65,49.00,48.60,49.00,998623
2019-04-24,2542,興富發,48.95,49.10,48.65,48.65,1496500
2019-04-23,2542,興富發,48.75,48.95,48.50,48.95,1029721
2019-04-22,2542,興富發,48.95,49.00,48.65,48.75,994587
2019-04-19,2542,興富發,48.70,49.40,48.70,48.90,1191167
2019-04-18,2542,興富發,49.20,49.20,48.45,48.60,3410348
2019-04-17,2542,興富發,49.25,49.25,49.05,49.15,1638328
2019-04-16,2542,興富發,49.80,49.80,49.15,49.40,2002644
2019-04-15,2542,興富發,49.30,49.70,49.20,49.50,1634196
2019-04-12,2542,興富發,49.30,49.40,48.90,49.10,2005362
2019-04-11,2542,興富發,49.85,49.85,49.30,49.40,2177915
2019-04-10,2542,興富發,50.20,50.20,49.50,49.90,3291671
2019-04-09,2542,興富發,50.60,50.70,50.20,50.20,1492502
2019-04-08,2542,興富發,50.50,50.70,50.30,50.60,2130979
2019-04-03,2542,興富發,50.70,50.80,50.30,50.50,1835362
2019-04-02,2542,興富發,51.00,51.10,50.30,50.80,2396337
2019-04-01,2542,興富發,51.00,52.20,50.40,50.90,5803646
2019-03-29,2542,興富發,49.95,50.80,49.80,50.80,7076271
2019-03-28,2542,興富發,49.75,49.85,49.60,49.85,1973832
2019-03-27,2542,興富發,49.60,49.95,49.50,49.75,3593183
2019-03-26,2542,興富發,49.60,49.60,49.30,49.45,1851803
2019-03-25,2542,興富發,49.00,49.45,48.75,49.25,2910850
2019-03-22,2542,興富發,49.75,49.75,49.00,49.25,3557678
2019-03-21,2542,興富發,48.85,49.40,48.85,49.35,4062957
2019-03-20,2542,興富發,48.55,48.80,48.15,48.70,4901945
2019-03-18,2542,興富發,48.45,48.55,48.30,48.55,2861442
2019-03-15,2542,興富發,47.75,48.25,47.60,48.20,19578673
2019-03-14,2542,興富發,47.45,47.70,47.35,47.50,2311368
2019-03-13,2542,興富發,47.50,47.65,47.30,47.40,3055740
2019-03-12,2542,興富發,48.05,48.10,47.50,47.50,4036996
2019-03-11,2542,興富發,47.85,48.45,47.80,47.90,3222868
2019-03-08,2542,興富發,47.50,47.80,47.45,47.65,1140836
2019-03-07,2542,興富發,47.65,47.80,47.50,47.50,1496805
2019-03-06,2542,興富發,47.50,47.80,47.40,47.55,1160783
2019-03-05,2542,興富發,47.50,47.65,47.30,47.50,1155415
2019-03-04,2542,興富發,47.90,47.90,47.30,47.50,1705942
2019-02-27,2542,興富發,47.60,47.75,47.35,47.75,1741237
2019-02-26,2542,興富發,47.90,48.00,47.60,47.60,1676726
2019-02-25,2542,興富發,47.95,48.00,47.80,47.95,925386
2019-02-22,2542,興富發,47.80,47.95,47.55,47.95,1477277
2019-02-21,2542,興富發,48.10,48.10,47.75,48.00,1378982
2019-02-20,2542,興富發,48.00,48.10,47.75,48.05,2250977
2019-02-19,2542,興富發,47.80,47.95,47.75,47.90,904685
2019-02-18,2542,興富發,47.30,47.75,47.30,47.70,1415310
2019-02-15,2542,興富發,47.30,47.40,46.90,47.20,1587047
2019-02-14,2542,興富發,47.40,47.65,47.30,47.30,1818587
2019-02-13,2542,興富發,48.45,48.45,47.65,47.65,4122806
2019-02-12,2542,興富發,48.60,48.80,48.20,48.45,1730222
2019-02-11,2542,興富發,48.10,48.80,47.70,48.40,3934861
2019-01-30,2542,興富發,47.80,47.95,47.65,47.95,1649173
2019-01-29,2542,興富發,47.90,47.90,47.30,47.80,3670169
2019-01-28,2542,興富發,47.90,48.00,47.80,47.95,2809313
2019-01-25,2542,興富發,47.50,47.60,47.25,47.60,2829348
2019-01-24,2542,興富發,46.90,47.50,46.90,47.45,2895558
2019-01-23,2542,興富發,46.70,46.90,46.65,46.90,1275273
2019-01-22,2542,興富發,46.85,46.90,46.65,46.90,1302466
2019-01-21,2542,興富發,46.85,46.95,46.70,46.85,1354027
2019-01-18,2542,興富發,46.40,46.65,46.40,46.60,1453138
2019-01-16,2542,興富發,46.50,46.70,46.30,46.60,1129894
2019-01-15,2542,興富發,46.25,46.60,46.10,46.60,1733579
2019-01-14,2542,興富發,46.30,46.40,46.05,46.25,991219
2019-01-11,2542,興富發,46.40,46.50,45.95,46.30,1199612
2019-01-10,2542,興富發,46.20,46.40,45.75,46.35,2020482
2019-01-09,2542,興富發,45.60,46.25,45.60,46.10,2954825
2019-01-08,2542,興富發,45.60,45.65,45.15,45.15,1346416
2019-01-07,2542,興富發,45.65,45.65,45.30,45.60,1730330
2019-01-04,2542,興富發,44.75,45.40,44.70,45.25,1872877
2019-01-03,2542,興富發,44.90,45.45,44.60,45.05,1597580
2019-01-02,2542,興富發,45.35,45.40,44.50,44.50,1206000
2018-12-28,2542,興富發,44.40,45.20,44.25,45.00,1954228
2018-12-27,2542,興富發,44.60,44.65,44.00,44.40,3170060
2018-12-26,2542,興富發,44.05,44.40,43.90,44.15,2128533
2018-12-25,2542,興富發,44.45,44.50,43.90,43.90,5187838
2018-12-24,2542,興富發,45.80,45.80,44.80,44.90,5417785
2018-12-22,2542,興富發,45.80,46.10,45.75,45.90,376693
2018-12-21,2542,興富發,46.05,46.45,45.95,46.15,2374310
2018-12-20,2542,興富發,45.95,46.80,45.95,46.45,1905065
2018-12-19,2542,興富發,46.30,46.30,45.95,46.25,1488388
2018-12-18,2542,興富發,46.05,46.45,45.95,46.15,2374310
2018-12-17,2542,興富發,46.75,46.75,46.10,46.10,1685943
2018-12-14,2542,興富發,46.85,46.85,46.20,46.45,1870729
2018-12-13,2542,興富發,46.15,46.70,46.15,46.70,1819242
2018-12-12,2542,興富發,46.00,46.50,45.75,46.25,1904031
2018-12-11,2542,興富發,45.75,46.40,45.65,46.00,1279435
2018-12-10,2542,興富發,45.80,46.30,45.60,45.60,1417001
2018-12-07,2542,興富發,46.10,46.30,45.80,46.30,616657
2018-12-06,2542,興富發,46.35,46.35,45.60,45.65,2076018
2018-12-05,2542,興富發,46.30,46.45,46.20,46.35,1459165
2018-12-04,2542,興富發,47.00,47.10,46.60,46.70,2325667
2018-12-03,2542,興富發,47.20,47.30,46.95,47.10,1772457
2018-11-30,2542,興富發,46.75,46.95,46.50,46.90,2784538
2018-11-29,2542,興富發,47.00,47.05,46.50,46.50,1811970
2018-11-28,2542,興富發,46.30,46.70,46.05,46.70,1465897
2018-11-27,2542,興富發,46.55,46.55,46.05,46.25,1451509
2018-11-26,2542,興富發,47.05,47.90,46.05,46.20,5286080
2018-11-23,2542,興富發,45.85,46.10,45.50,45.90,1125650
2018-11-22,2542,興富發,46.30,46.30,45.75,45.95,923250
2018-11-21,2542,興富發,45.85,46.30,45.60,46.25,1306132
2018-11-20,2542,興富發,46.25,46.25,45.85,45.85,1311050
2018-11-19,2542,興富發,46.55,46.60,46.20,46.45,791849
2018-11-16,2542,興富發,46.75,46.75,46.35,46.55,1069226
2018-11-15,2542,興富發,46.45,46.55,46.15,46.55,1157127
2018-11-14,2542,興富發,46.50,46.80,46.00,46.45,1638730
2018-11-13,2542,興富發,46.00,46.80,45.85,46.80,1695696
2018-11-12,2542,興富發,46.60,46.60,46.05,46.60,1518552
2018-11-09,2542,興富發,46.30,46.60,46.10,46.20,772112
2018-11-08,2542,興富發,46.55,46.70,46.25,46.70,2010726
2018-11-07,2542,興富發,46.70,46.90,46.15,46.40,1501892
2018-11-06,2542,興富發,46.00,46.80,45.90,46.55,1708215
2018-11-05,2542,興富發,45.85,46.00,45.30,45.85,2004463
2018-11-02,2542,興富發,45.60,46.20,45.25,46.20,2123024
2018-11-01,2542,興富發,45.20,45.40,45.00,45.30,1488555
2018-10-31,2542,興富發,44.70,45.35,44.55,45.35,1900908
2018-10-30,2542,興富發,44.75,44.75,44.30,44.45,1082162
2018-10-29,2542,興富發,44.40,45.50,44.15,44.60,1860355
2018-10-26,2542,興富發,45.10,45.40,44.05,44.40,2455147
2018-10-25,2542,興富發,45.00,45.20,44.65,45.00,2873489
2018-10-24,2542,興富發,45.40,45.45,45.00,45.40,1590640
2018-10-23,2542,興富發,45.20,45.90,45.15,45.40,2715093
2018-10-22,2542,興富發,45.80,45.90,45.20,45.50,2789864
2018-10-19,2542,興富發,45.80,45.90,44.90,45.90,6018534
2018-10-18,2542,興富發,45.85,46.00,45.50,45.90,1628284
2018-10-17,2542,興富發,45.60,46.20,45.60,45.85,2699794
2018-10-16,2542,興富發,45.25,45.95,45.15,45.90,2869234
2018-10-15,2542,興富發,45.70,45.85,45.20,45.25,3736422
2018-10-12,2542,興富發,45.00,46.55,44.85,46.25,3308215
2018-10-11,2542,興富發,45.55,46.10,45.10,45.60,8762950
2018-10-09,2542,興富發,46.80,47.05,46.35,46.65,2859900
2018-10-08,2542,興富發,46.75,47.50,46.60,47.10,2765288
2018-10-05,2542,興富發,47.50,47.50,46.25,46.75,3042445
2018-10-04,2542,興富發,47.90,47.95,47.65,47.75,2906729
2018-10-03,2542,興富發,48.35,48.45,48.10,48.15,1041793
2018-10-02,2542,興富發,48.30,48.40,48.05,48.35,1964521
2018-10-01,2542,興富發,48.40,48.60,48.10,48.20,2436025
2018-09-28,2542,興富發,48.20,48.40,48.00,48.40,2668555
2018-09-27,2542,興富發,47.50,48.00,47.50,48.00,2187490
2018-09-26,2542,興富發,48.30,48.65,47.45,47.45,2457830
2018-09-25,2542,興富發,48.70,49.00,48.20,48.35,2529344
2018-09-21,2542,興富發,48.40,48.70,48.25,48.70,4469375
2018-09-20,2542,興富發,48.25,48.40,47.70,48.20,3398326
2018-09-19,2542,興富發,47.60,48.30,47.55,48.15,3382065
2018-09-18,2542,興富發,47.50,47.65,47.15,47.50,1613845
2018-09-17,2542,興富發,47.50,47.70,47.05,47.50,2032137
2018-09-14,2542,興富發,48.05,48.10,47.00,47.50,3340041
2018-09-13,2542,興富發,47.00,47.75,47.00,47.65,4509391
2018-09-12,2542,興富發,45.60,47.10,45.60,46.90,5562506
2018-09-11,2542,興富發,44.50,45.40,44.50,45.40,12550755
2018-09-10,2542,興富發,45.15,45.35,44.50,44.60,24141712
2018-09-07,2542,興富發,45.80,45.80,45.10,45.10,43194232
2018-09-06,2542,興富發,49.00,49.45,48.95,49.15,43572981
2018-09-05,2542,興富發,49.90,49.90,48.40,48.80,23172755
2018-09-04,2542,興富發,50.10,50.30,49.60,49.95,14837254
2018-09-03,2542,興富發,50.00,50.30,49.90,50.00,5065570
2018-08-31,2542,興富發,49.45,49.90,49.20,49.90,5424079
2018-08-30,2542,興富發,49.00,49.30,49.00,49.30,3158322
2018-08-29,2542,興富發,48.70,49.00,48.60,48.95,3828877
2018-08-28,2542,興富發,48.45,48.70,48.30,48.60,2774598
2018-08-27,2542,興富發,48.50,48.50,48.20,48.35,1756117
2018-08-24,2542,興富發,48.40,48.55,48.15,48.50,1719846
2018-08-23,2542,興富發,48.50,48.50,48.25,48.40,1211456
2018-08-22,2542,興富發,48.35,48.75,48.30,48.35,3063207
2018-08-21,2542,興富發,47.90,48.20,47.80,48.20,2378455
2018-08-20,2542,興富發,47.80,48.05,47.50,47.70,1550603
2018-08-17,2542,興富發,48.05,48.20,47.75,47.80,2082415
2018-08-16,2542,興富發,47.70,48.00,47.70,47.90,1731868
2018-08-15,2542,興富發,47.95,48.40,47.85,48.00,4003476
2018-08-14,2542,興富發,47.50,48.20,47.40,47.65,14326658
2018-08-13,2542,興富發,48.00,48.00,46.90,47.50,11154175
2018-08-10,2542,興富發,48.00,48.05,47.55,48.00,2420690
2018-08-09,2542,興富發,48.05,48.50,48.05,48.30,3299881
2018-08-08,2542,興富發,47.65,47.95,47.65,47.90,7054141
2018-08-07,2542,興富發,47.50,47.70,47.50,47.65,2605378
2018-08-06,2542,興富發,47.35,47.45,47.20,47.35,1191233
2018-08-03,2542,興富發,47.05,47.40,47.00,47.35,1930858
2018-08-02,2542,興富發,47.20,47.30,46.75,46.90,1989560
2018-08-01,2542,興富發,47.50,47.60,46.90,47.20,2136315
2018-07-31,2542,興富發,46.50,47.30,46.40,47.30,3580570
2018-07-30,2542,興富發,46.20,46.40,46.15,46.40,1438117
2018-07-27,2542,興富發,46.05,46.25,45.85,46.20,1570054
2018-07-26,2542,興富發,46.00,46.05,45.80,45.95,1011042
2018-07-25,2542,興富發,45.75,45.85,45.70,45.80,975070
2018-07-24,2542,興富發,45.70,45.90,45.65,45.70,916186
2018-07-23,2542,興富發,45.85,46.05,45.60,45.80,996425
2018-07-20,2542,興富發,45.75,46.10,45.70,45.85,792897
2018-07-19,2542,興富發,46.30,46.40,45.60,45.65,1534241
2018-07-18,2542,興富發,45.65,46.20,45.40,46.15,2269980
2018-07-17,2542,興富發,45.40,45.80,45.20,45.40,858468
2018-07-16,2542,興富發,45.60,45.90,45.35,45.40,870366
2018-07-13,2542,興富發,45.60,45.80,45.30,45.60,742346
2018-07-12,2542,興富發,45.30,45.80,44.95,45.50,1397009
2018-07-11,2542,興富發,44.80,45.30,44.60,45.00,1403566
2018-07-10,2542,興富發,45.20,45.40,44.85,44.85,1928360
2018-07-09,2542,興富發,44.10,45.00,44.00,44.80,1449875
2018-07-06,2542,興富發,44.05,44.20,43.40,43.95,1706029
2018-07-05,2542,興富發,44.50,44.50,44.00,44.00,1829077
2018-07-04,2542,興富發,44.00,44.65,44.00,44.45,887831
2018-07-03,2542,興富發,44.55,44.65,44.20,44.20,2590611
2018-07-02,2542,興富發,45.25,45.30,44.50,44.55,2276102
2018-06-29,2542,興富發,44.65,45.25,44.50,45.25,2207101
2018-06-28,2542,興富發,45.20,45.20,44.35,44.60,3540543
2018-06-27,2542,興富發,45.50,45.65,45.10,45.15,1927860
2018-06-26,2542,興富發,45.80,45.90,45.45,45.50,1607969
2018-06-25,2542,興富發,45.75,46.25,45.70,45.80,2130486
2018-06-22,2542,興富發,46.05,46.15,45.50,45.70,2563595
2018-06-21,2542,興富發,46.20,46.20,46.00,46.15,1318345
2018-06-20,2542,興富發,46.20,46.30,45.90,46.25,1664322
2018-06-19,2542,興富發,45.80,46.35,45.70,46.20,3419185
2018-06-15,2542,興富發,46.35,47.00,45.85,45.90,8868315
2018-06-14,2542,興富發,47.35,47.35,46.30,46.35,4300912
2018-06-13,2542,興富發,47.90,47.90,47.15,47.25,2016512
2018-06-12,2542,興富發,47.85,47.85,47.30,47.65,2347989
2018-06-11,2542,興富發,47.75,48.50,47.60,47.60,4705277
2018-06-08,2542,興富發,47.50,47.80,47.15,47.60,3061068
2018-06-07,2542,興富發,48.00,48.00,47.35,47.45,3518670
2018-06-06,2542,興富發,46.85,47.90,46.70,47.85,7299328
2018-06-05,2542,興富發,46.60,46.80,46.25,46.80,2942163
2018-06-04,2542,興富發,46.30,46.80,46.20,46.60,3598073
2018-06-01,2542,興富發,45.60,46.35,45.60,46.30,3606614
2018-05-31,2542,興富發,45.70,46.05,45.40,45.40,6616688
2018-05-30,2542,興富發,46.15,46.15,45.50,45.50,3814746
2018-05-29,2542,興富發,45.60,46.30,45.30,46.15,2864176
2018-05-28,2542,興富發,46.00,46.10,45.60,45.65,2011485
2018-05-25,2542,興富發,46.10,46.25,45.90,46.00,1730630
2018-05-24,2542,興富發,46.20,46.30,45.90,46.30,1974806
2018-05-23,2542,興富發,46.30,46.30,45.80,45.90,1636116
2018-05-22,2542,興富發,46.30,46.35,46.00,46.05,1739061
2018-05-21,2542,興富發,46.30,46.40,46.10,46.25,2230912
2018-05-18,2542,興富發,45.80,46.00,45.80,45.90,2133110
2018-05-17,2542,興富發,45.70,45.90,45.55,45.65,2279147
2018-05-16,2542,興富發,45.50,45.85,45.30,45.60,1581857
2018-05-15,2542,興富發,45.50,45.50,45.10,45.50,2846134
2018-05-14,2542,興富發,45.55,46.30,45.35,45.75,4001303
2018-05-11,2542,興富發,45.45,45.50,45.10,45.30,1368896
2018-05-10,2542,興富發,45.30,45.45,45.10,45.15,1467592
2018-05-09,2542,興富發,45.55,45.55,45.05,45.05,2050731
2018-05-08,2542,興富發,45.10,45.60,45.10,45.40,1519630
2018-05-07,2542,興富發,45.45,45.45,45.15,45.20,1464942
2018-05-04,2542,興富發,45.40,45.60,45.20,45.35,1694473
2018-05-03,2542,興富發,46.00,46.05,45.50,45.50,2173608
2018-05-02,2542,興富發,45.95,46.70,45.95,46.00,4487323
2018-04-30,2542,興富發,45.55,45.80,45.40,45.80,2229961
2018-04-27,2542,興富發,45.20,45.45,45.15,45.45,1381071
2018-04-26,2542,興富發,45.25,45.70,45.15,45.15,1825358
2018-04-25,2542,興富發,45.00,45.40,44.90,45.20,1754659
2018-04-24,2542,興富發,45.55,45.70,45.20,45.20,2404091
2018-04-23,2542,興富發,45.50,45.90,45.40,45.60,3687621
2018-04-20,2542,興富發,45.10,45.30,44.85,45.30,1893052
2018-04-19,2542,興富發,44.55,45.15,44.55,45.10,1901568
2018-04-18,2542,興富發,44.60,45.00,44.40,44.45,1998856
2018-04-17,2542,興富發,44.85,44.90,44.30,44.55,2649482
2018-04-16,2542,興富發,45.00,45.10,44.80,44.85,1782001
2018-04-13,2542,興富發,45.60,45.70,45.05,45.15,2089462
2018-04-12,2542,興富發,45.30,45.60,45.30,45.55,1812408
2018-04-11,2542,興富發,45.60,46.30,45.50,45.70,3154429
2018-04-10,2542,興富發,44.65,45.45,44.50,45.40,3277933
2018-04-09,2542,興富發,45.20,45.30,44.50,44.80,3358742
2018-04-03,2542,興富發,45.20,45.30,44.90,45.20,2104368
2018-04-02,2542,興富發,45.25,45.45,45.25,45.30,1510086
2018-03-31,2542,興富發,45.00,45.40,45.00,45.15,1040426
2018-03-30,2542,興富發,45.30,45.30,44.90,45.00,1289865
2018-03-29,2542,興富發,45.10,45.35,44.85,44.90,2257512
2018-03-28,2542,興富發,45.40,45.40,45.00,45.30,1402127
2018-03-27,2542,興富發,44.90,45.60,44.90,45.40,3173782
2018-03-26,2542,興富發,44.60,44.95,44.50,44.85,1359196
2018-03-23,2542,興富發,44.50,44.95,44.30,44.75,2729332
2018-03-22,2542,興富發,44.95,45.55,44.90,45.10,2176531
2018-03-21,2542,興富發,44.85,45.00,44.60,44.95,1570087
2018-03-20,2542,興富發,44.65,44.90,44.35,44.90,2259260
2018-03-19,2542,興富發,45.00,45.45,44.60,44.90,1667957
2018-03-16,2542,興富發,45.50,45.55,44.25,44.60,5079068
2018-03-15,2542,興富發,45.50,45.85,45.20,45.50,1763332
2018-03-14,2542,興富發,45.05,45.50,45.05,45.50,2716671
2018-03-13,2542,興富發,45.15,45.20,44.50,45.05,1768784
2018-03-12,2542,興富發,44.50,45.35,44.50,44.95,3349553
2018-03-09,2542,興富發,44.30,44.40,44.15,44.40,862200
2018-03-08,2542,興富發,44.20,44.40,44.05,44.15,890842
2018-03-07,2542,興富發,44.10,44.40,43.80,44.10,1299879
2018-03-06,2542,興富發,44.55,44.65,44.20,44.35,1060508
2018-03-05,2542,興富發,44.15,45.20,44.05,44.25,1861596
2018-03-02,2542,興富發,44.00,44.45,43.85,44.00,2062629
2018-03-01,2542,興富發,43.35,44.65,43.35,44.65,2578376
2018-02-27,2542,興富發,45.10,45.20,44.10,44.15,1969401
2018-02-26,2542,興富發,44.85,45.00,44.65,44.95,1348646
2018-02-23,2542,興富發,44.50,44.95,44.50,44.75,1259929
2018-02-22,2542,興富發,44.60,44.65,44.00,44.40,1584080
2018-02-21,2542,興富發,44.00,44.95,44.00,44.70,2301044
2018-02-12,2542,興富發,43.65,43.95,43.20,43.60,2250943
2018-02-09,2542,興富發,42.45,43.75,42.45,43.55,2663377
2018-02-08,2542,興富發,44.90,44.90,43.70,44.10,2437258
2018-02-07,2542,興富發,43.00,44.90,43.00,44.20,6615754
2018-02-06,2542,興富發,42.60,43.55,41.25,42.20,7439726
2018-02-05,2542,興富發,44.70,44.90,44.40,44.85,2040660
2018-02-02,2542,興富發,45.25,45.65,45.25,45.60,1314892
2018-02-01,2542,興富發,46.00,46.30,45.55,45.55,1993281
2018-01-31,2542,興富發,45.25,46.20,44.85,45.80,3788662
2018-01-30,2542,興富發,46.50,46.50,45.50,45.55,3383814
2018-01-29,2542,興富發,46.95,47.00,45.80,46.50,3696242
2018-01-26,2542,興富發,45.50,46.50,45.45,46.45,7930703
2018-01-25,2542,興富發,45.10,46.20,45.10,45.40,5916190
2018-01-24,2542,興富發,45.00,45.30,44.25,45.00,4601489
2018-01-23,2542,興富發,43.55,45.35,43.55,44.95,8316578
2018-01-22,2542,興富發,43.00,43.20,42.85,43.05,1800964
2018-01-19,2542,興富發,42.80,42.85,42.55,42.85,1538745
2018-01-18,2542,興富發,43.40,43.50,42.70,42.80,2096381
2018-01-17,2542,興富發,42.65,43.15,42.45,43.05,2863022
2018-01-16,2542,興富發,42.85,42.85,42.60,42.60,1466306
2018-01-15,2542,興富發,42.95,43.00,42.45,42.85,1471896
2018-01-12,2542,興富發,42.50,42.80,42.50,42.80,1359862
2018-01-11,2542,興富發,42.70,43.00,42.20,42.45,2246750
2018-01-10,2542,興富發,43.15,43.15,42.75,42.75,1459764
2018-01-09,2542,興富發,43.40,43.40,42.85,43.15,2719392
2018-01-08,2542,興富發,43.10,43.40,43.00,43.40,2791085
2018-01-05,2542,興富發,42.65,43.10,42.50,43.10,1795238
2018-01-04,2542,興富發,43.15,43.20,42.50,42.65,2821472
2018-01-03,2542,興富發,43.30,43.40,42.70,43.15,3457737
2018-01-02,2542,興富發,42.35,43.15,42.10,43.15,3729147
